Tempo Decorrido,Taxa Media Chegada,Taxa Sa√≠da,E[N],E[W],Lambda, Erro de Little,Ocupacao
100.000000,5.00,5.05,13.076624,2.476633,5.280000, -0.000000,0.950421
200.000000,5.00,5.05,28.363558,5.650111,5.020000, 0.000000,0.973554
300.000000,5.00,5.05,42.555884,8.404717,5.063333, -0.000000,0.982980
400.000000,5.00,5.05,47.518205,9.503641,5.000000, -0.000000,0.987074
500.000000,5.00,5.05,46.011121,9.386194,4.902000, 0.000000,0.988777
600.000000,5.00,5.05,40.550323,8.247523,4.916667, 0.000000,0.982085
700.000000,5.00,5.05,36.082364,7.363748,4.900000, 0.000000,0.971027
800.000000,5.00,5.05,33.180576,6.672816,4.972500, -0.000000,0.972820
900.000000,5.00,5.05,31.257586,6.287847,4.971111, -0.000000,0.975528
1000.000000,5.00,5.05,30.271524,6.082283,4.977000, -0.000000,0.977975
1100.000000,5.00,5.05,30.392962,6.123124,4.963636, -0.000000,0.980445
1200.000000,5.00,5.05,31.119951,6.284743,4.951667, -0.000000,0.981566
1300.000000,5.00,5.05,30.080879,6.087351,4.941538, -0.000000,0.982161
1400.000000,5.00,5.05,31.264499,6.292452,4.968571, -0.000000,0.983422
1500.000000,5.00,5.05,33.052748,6.643323,4.975333, -0.000000,0.984537
1600.000000,5.00,5.05,32.196607,6.476562,4.971250, -0.000000,0.983402
1700.000000,5.00,5.05,30.987161,6.230417,4.973529, -0.000000,0.981357
1800.000000,5.00,5.05,31.166443,6.245085,4.990556, 0.000000,0.982820
1900.000000,5.00,5.05,33.791963,6.756970,5.001053, -0.000000,0.983381
2000.000000,5.00,5.05,38.308723,7.657916,5.002500, -0.000000,0.984146
2100.000000,5.00,5.05,41.918593,8.367780,5.009524, -0.000000,0.985038
2200.000000,5.00,5.05,44.284256,8.825561,5.017727, -0.000000,0.985633
2300.000000,5.00,5.05,45.387325,9.058560,5.010435, -0.000000,0.986219
2400.000000,5.00,5.05,46.583486,9.303517,5.007083, 0.000000,0.986998
2500.000000,5.00,5.05,47.722054,9.521559,5.012000, 0.000000,0.987335
2600.000000,5.00,5.05,47.967019,9.594142,4.999615, 0.000000,0.987829
2700.000000,5.00,5.05,47.273468,9.444200,5.005556, -0.000000,0.987554
2800.000000,5.00,5.05,46.122933,9.232500,4.995714, 0.000000,0.987276
2900.000000,5.00,5.05,45.234670,9.050679,4.997931, -0.000000,0.987789
3000.000000,5.00,5.05,44.566449,8.909726,5.002000, -0.000000,0.987750
3100.000000,5.00,5.05,44.996447,8.999289,5.000000, -0.000000,0.988204
3200.000000,5.00,5.05,45.456648,9.108408,4.990625, -0.000000,0.988497
3300.000000,5.00,5.05,45.726193,9.160228,4.991818, -0.000000,0.989052
3400.000000,5.00,5.05,45.838146,9.182754,4.991765, -0.000000,0.989258
3500.000000,5.00,5.05,46.235525,9.255038,4.995714, -0.000000,0.989610
3600.000000,5.00,5.05,46.932796,9.393866,4.996111, -0.000000,0.990065
3700.000000,5.00,5.05,47.670580,9.534116,5.000000, -0.000000,0.990263
3800.000000,5.00,5.05,48.435163,9.691113,4.997895, -0.000000,0.990324
3900.000000,5.00,5.05,48.838924,9.769288,4.999231, -0.000000,0.990570
4000.000000,5.00,5.05,49.608921,9.912863,5.004500, -0.000000,0.990844
4100.000000,5.00,5.05,50.298580,10.026945,5.016341, -0.000000,0.991045
4200.000000,5.00,5.05,51.330888,10.232071,5.016667, -0.000000,0.991271
4300.000000,5.00,5.05,52.007390,10.373013,5.013721, -0.000000,0.991528
4400.000000,5.00,5.05,52.089987,10.387778,5.014545, -0.000000,0.991670
4500.000000,5.00,5.05,52.265970,10.405560,5.022889, -0.000000,0.991833
4600.000000,5.00,5.05,52.733385,10.488307,5.027826, -0.000000,0.992011
4700.000000,5.00,5.05,53.484890,10.657974,5.018298, -0.000000,0.992248
4800.000000,5.00,5.05,53.885087,10.755954,5.009792, -0.000000,0.992389
4900.000000,5.00,5.05,54.524246,10.873781,5.014286, -0.000000,0.992530
5000.000000,5.00,5.05,55.733255,11.108881,5.017000, -0.000000,0.992675
5100.000000,5.00,5.05,57.543148,11.461436,5.020588, -0.000000,0.992810
5200.000000,5.00,5.05,59.414134,11.841382,5.017500, -0.000000,0.992996
5300.000000,5.00,5.05,60.693351,12.101225,5.015472, -0.000000,0.993196
5400.000000,5.00,5.05,61.738718,12.290388,5.023333, -0.000000,0.993200
5500.000000,5.00,5.05,62.497781,12.431297,5.027455, -0.000000,0.993314
5600.000000,5.00,5.05,63.302134,12.592070,5.027143, -0.000000,0.993475
5700.000000,5.00,5.05,63.984057,12.711178,5.033684, -0.000000,0.993556
5800.000000,5.00,5.05,64.683202,12.853756,5.032241, -0.000000,0.993655
5900.000000,5.00,5.05,64.395111,12.814731,5.025085, -0.000000,0.993762
6000.000000,5.00,5.05,63.853749,12.696686,5.029167, -0.000000,0.993825
6100.000000,5.00,5.05,63.170028,12.567665,5.026393, -0.000000,0.993975
6200.000000,5.00,5.05,62.671447,12.468328,5.026452, -0.000000,0.994030
6300.000000,5.00,5.05,61.801336,12.297025,5.025714, -0.000000,0.993445
6400.000000,5.00,5.05,61.135963,12.161445,5.027031, -0.000000,0.993404
6500.000000,5.00,5.05,60.307460,12.006815,5.022769, -0.000000,0.992480
6600.000000,5.00,5.05,59.597218,11.870164,5.020758, -0.000000,0.991463
6700.000000,5.00,5.05,58.807338,11.726114,5.015075, -0.000000,0.990362
6800.000000,5.00,5.05,58.027751,11.572534,5.014265, -0.000000,0.989172
6900.000000,5.00,5.05,57.801886,11.523968,5.015797, -0.000000,0.989319
7000.000000,5.00,5.05,57.409677,11.457711,5.010571, -0.000000,0.989372
7100.000000,5.00,5.05,56.738992,11.336302,5.005070, -0.000000,0.988313
7200.000000,5.00,5.05,56.312963,11.255402,5.003194, -0.000000,0.987242
7300.000000,5.00,5.05,56.108282,11.221349,5.000137, -0.000000,0.987401
7400.000000,5.00,5.05,55.474757,11.088658,5.002838, -0.000000,0.987080
7500.000000,5.00,5.05,54.976632,10.988879,5.002933, -0.000000,0.986888
7600.000000,5.00,5.05,54.416322,10.870963,5.005658, -0.000000,0.986592
7700.000000,5.00,5.05,53.835535,10.763193,5.001818, -0.000000,0.985764
7800.000000,5.00,5.05,53.436660,10.685688,5.000769, -0.000000,0.985880
7900.000000,5.00,5.05,53.132231,10.623488,5.001392, -0.000000,0.986021
8000.000000,5.00,5.05,53.387717,10.666610,5.005125, -0.000000,0.986192
8100.000000,5.00,5.05,53.345491,10.663306,5.002716, -0.000000,0.986437
8200.000000,5.00,5.05,52.977594,10.591386,5.001951, -0.000000,0.986510
8300.000000,5.00,5.05,52.980883,10.580879,5.007229, -0.000000,0.986674
8400.000000,5.00,5.05,53.004154,10.584199,5.007857, -0.000000,0.986880
8500.000000,5.00,5.05,52.923605,10.567068,5.008353, -0.000000,0.987032
8600.000000,5.00,5.05,52.911469,10.565831,5.007791, -0.000000,0.987155
8700.000000,5.00,5.05,53.175567,10.609748,5.011954, -0.000000,0.987319
8800.000000,5.00,5.05,53.601200,10.695203,5.011705, -0.000000,0.987442
8900.000000,5.00,5.05,54.010547,10.786838,5.007079, -0.000000,0.987573
9000.000000,5.00,5.05,54.259536,10.840104,5.005444, -0.000000,0.987727
9100.000000,5.00,5.05,54.559682,10.898523,5.006154, -0.000000,0.987931
9200.000000,5.00,5.05,54.478103,10.885682,5.004565, -0.000000,0.987978
9300.000000,5.00,5.05,54.459792,10.879792,5.005591, -0.000000,0.988131
9400.000000,5.00,5.05,54.556549,10.897398,5.006383, -0.000000,0.988234
9500.000000,5.00,5.05,54.673008,10.912776,5.010000, -0.000000,0.988380
9600.000000,5.00,5.05,55.128695,11.001901,5.010833, -0.000000,0.988487
9700.000000,5.00,5.05,55.584037,11.081393,5.015979, -0.000000,0.988622
9800.000000,5.00,5.05,56.409669,11.248876,5.014694, -0.000000,0.988718
9900.000000,5.00,5.05,56.758547,11.327681,5.010606, -0.000000,0.988839
10000.000000,5.00,5.05,56.521679,11.285827,5.008200, -0.000000,0.988952
10100.000000,5.00,5.05,56.149046,11.212713,5.007624, -0.000000,0.989076
10200.000000,5.00,5.05,55.855906,11.151720,5.008725, -0.000000,0.989173
10300.000000,5.00,5.05,55.714383,11.126457,5.007379, -0.000000,0.989260
10400.000000,5.00,5.05,55.451700,11.078409,5.005385, -0.000000,0.989359
10500.000000,5.00,5.05,55.148650,11.019865,5.004476, -0.000000,0.989452
10600.000000,5.00,5.05,54.875554,10.969729,5.002453, -0.000000,0.989485
10700.000000,5.00,5.05,54.560119,10.908965,5.001402, -0.000000,0.989594
10800.000000,5.00,5.05,54.191251,10.841061,4.998704, -0.000000,0.989168
10900.000000,5.00,5.05,53.930135,10.783059,5.001376, -0.000000,0.989186
11000.000000,5.00,5.05,53.795580,10.760485,4.999364, -0.000000,0.989033
11100.000000,5.00,5.05,53.444220,10.696167,4.996577, -0.000000,0.988976
11200.000000,5.00,5.05,53.056452,10.618116,4.996786, -0.000000,0.988725
11300.000000,5.00,5.05,52.857944,10.576830,4.997522, -0.000000,0.988862
11400.000000,5.00,5.05,52.697549,10.550430,4.994825, -0.000000,0.988903
11500.000000,5.00,5.05,52.503920,10.512119,4.994609, -0.000000,0.988994
11600.000000,5.00,5.05,52.308361,10.474494,4.993879, -0.000000,0.988976
11700.000000,5.00,5.05,52.336955,10.482443,4.992821, 0.000000,0.989058
11800.000000,5.00,5.05,52.287365,10.479854,4.989322, -0.000000,0.989166
11900.000000,5.00,5.05,51.923429,10.413037,4.986387, -0.000000,0.988675
12000.000000,5.00,5.05,51.804441,10.383559,4.989083, -0.000000,0.988668
12100.000000,5.00,5.05,51.926706,10.404603,4.990744, -0.000000,0.988783
12200.000000,5.00,5.05,52.106866,10.441572,4.990328, -0.000000,0.988855
12300.000000,5.00,5.05,52.201567,10.461406,4.989919, -0.000000,0.988953
12400.000000,5.00,5.05,52.148930,10.451701,4.989516, -0.000000,0.989032
12500.000000,5.00,5.05,51.802215,10.387534,4.986960, -0.000000,0.988804
12600.000000,5.00,5.05,51.450623,10.320266,4.985397, -0.000000,0.988183
12700.000000,5.00,5.05,51.140251,10.251783,4.988425, -0.000000,0.988060
12800.000000,5.00,5.05,51.298221,10.285358,4.987500, -0.000000,0.988152
12900.000000,5.00,5.05,51.549062,10.339629,4.985581, 0.000000,0.988242
13000.000000,5.00,5.05,51.706964,10.369630,4.986385, 0.000000,0.988363
13100.000000,5.00,5.05,51.946687,10.418445,4.986031, -0.000000,0.988418
13200.000000,5.00,5.05,51.925261,10.412662,4.986742, -0.000000,0.988503
13300.000000,5.00,5.05,51.686204,10.365297,4.986466, -0.000000,0.988323
13400.000000,5.00,5.05,51.349813,10.304567,4.983209, 0.000000,0.987237
13500.000000,5.00,5.05,51.090307,10.252236,4.983333, 0.000000,0.986990
13600.000000,5.00,5.05,50.800727,10.194326,4.983235, 0.000000,0.986771
13700.000000,5.00,5.05,50.957538,10.220303,4.985912, -0.000000,0.986841
13800.000000,5.00,5.05,51.362421,10.299951,4.986667, -0.000000,0.986934
13900.000000,5.00,5.05,51.786493,10.383893,4.987194, -0.000000,0.987058
14000.000000,5.00,5.05,52.121316,10.446051,4.989571, -0.000000,0.987132
14100.000000,5.00,5.05,52.686547,10.553027,4.992553, -0.000000,0.987206
14200.000000,5.00,5.05,53.358367,10.684917,4.993803, -0.000000,0.987299
14300.000000,5.00,5.05,54.069922,10.828827,4.993147, -0.000000,0.987393
14400.000000,5.00,5.05,54.616515,10.935910,4.994236, -0.000000,0.987477
14500.000000,5.00,5.05,55.441618,11.101492,4.994069, -0.000000,0.987559
14600.000000,5.00,5.05,56.236073,11.259245,4.994658, -0.000000,0.987645
14700.000000,5.00,5.05,57.172351,11.446306,4.994830, -0.000000,0.987744
14800.000000,5.00,5.05,58.071720,11.624398,4.995676, -0.000000,0.987814
14900.000000,5.00,5.05,59.006205,11.814562,4.994362, -0.000000,0.987902
15000.000000,5.00,5.05,59.885153,11.992061,4.993733, -0.000000,0.987977
15100.000000,5.00,5.05,60.809062,12.176489,4.993974, -0.000000,0.988058
15200.000000,5.00,5.05,61.738851,12.366972,4.992237, -0.000000,0.988147
15300.000000,5.00,5.05,62.682669,12.557381,4.991699, -0.000000,0.988214
15400.000000,5.00,5.05,63.586094,12.736903,4.992273, -0.000000,0.988300
15500.000000,5.00,5.05,64.339592,12.889206,4.991742, -0.000000,0.988379
15600.000000,5.00,5.05,65.129582,13.054201,4.989167, -0.000000,0.988442
15700.000000,5.00,5.05,65.515234,13.133161,4.988535, -0.000000,0.988535
15800.000000,5.00,5.05,65.545228,13.139983,4.988228, -0.000000,0.988597
15900.000000,5.00,5.05,65.478313,13.127035,4.988050, -0.000000,0.988677
16000.000000,5.00,5.05,65.363474,13.104637,4.987813, -0.000000,0.988741
16100.000000,5.00,5.05,65.184143,13.068160,4.988012, -0.000000,0.988797
16200.000000,5.00,5.05,65.054829,13.036234,4.990309, -0.000000,0.988887
16300.000000,5.00,5.05,65.239914,13.068989,4.991963, -0.000000,0.988935
16400.000000,5.00,5.05,65.286226,13.073667,4.993720, -0.000000,0.989002
16500.000000,5.00,5.05,65.268679,13.069736,4.993879, -0.000000,0.989071
16600.000000,5.00,5.05,65.441190,13.103236,4.994277, -0.000000,0.989135
16700.000000,5.00,5.05,65.802488,13.168383,4.997006, -0.000000,0.989211
16800.000000,5.00,5.05,66.204503,13.255260,4.994583, -0.000000,0.989265
16900.000000,5.00,5.05,66.472826,13.313787,4.992781, -0.000000,0.989345
17000.000000,5.00,5.05,66.770564,13.369527,4.994235, -0.000000,0.989401
17100.000000,5.00,5.05,67.083064,13.430751,4.994737, -0.000000,0.989462
17200.000000,5.00,5.05,67.576788,13.533140,4.993430, -0.000000,0.989522
17300.000000,5.00,5.05,67.973536,13.611702,4.993757, 0.000000,0.989580
17400.000000,5.00,5.05,68.348053,13.689752,4.992644, -0.000000,0.989647
17500.000000,5.00,5.05,68.437157,13.708268,4.992400, 0.000000,0.989713
17600.000000,5.00,5.05,68.591867,13.735855,4.993636, 0.000000,0.989751
17700.000000,5.00,5.05,69.001792,13.818314,4.993503, 0.000000,0.989812
17800.000000,5.00,5.05,69.339158,13.885774,4.993539, 0.000000,0.989872
17900.000000,5.00,5.05,69.742216,13.957644,4.996704, 0.000000,0.989940
18000.000000,5.00,5.05,70.131573,14.035828,4.996611, 0.000000,0.989991
18100.000000,5.00,5.05,70.587476,14.122801,4.998122, 0.000000,0.990034
18200.000000,5.00,5.05,71.129968,14.236789,4.996209, -0.000000,0.990117
18300.000000,5.00,5.05,71.546232,14.319888,4.996284, -0.000000,0.990146
18400.000000,5.00,5.05,72.059339,14.421430,4.996685, 0.000000,0.990199
18500.000000,5.00,5.05,72.624829,14.537539,4.995676, 0.000000,0.990255
18600.000000,5.00,5.05,73.061284,14.626569,4.995108, 0.000000,0.990303
18700.000000,5.00,5.05,73.510881,14.716814,4.995027, 0.000000,0.990370
18800.000000,5.00,5.05,73.877217,14.791021,4.994734, 0.000000,0.990423
18900.000000,5.00,5.05,74.173794,14.852991,4.993862, 0.000000,0.990474
19000.000000,5.00,5.05,74.448775,14.910316,4.993105, 0.000000,0.990510
19100.000000,5.00,5.05,74.703764,14.957668,4.994346, 0.000000,0.990560
19200.000000,5.00,5.05,74.999551,15.015395,4.994844, 0.000000,0.990617
19300.000000,5.00,5.05,75.245209,15.066841,4.994093, 0.000000,0.990655
19400.000000,5.00,5.05,75.464002,15.112119,4.993608, 0.000000,0.990706
19500.000000,5.00,5.05,75.748784,15.167958,4.994000, 0.000000,0.990770
19600.000000,5.00,5.05,76.111394,15.241097,4.993827, 0.000000,0.990798
19700.000000,5.00,5.05,76.557838,15.326194,4.995228, 0.000000,0.990844
19800.000000,5.00,5.05,77.172536,15.448551,4.995455, 0.000000,0.990897
19900.000000,5.00,5.05,77.603482,15.535373,4.995276, 0.000000,0.990938
20000.000000,5.00,5.05,77.929310,15.601776,4.994900, 0.000000,0.991010
20100.000000,5.00,5.05,78.324741,15.676335,4.996368, 0.000000,0.991035
20200.000000,5.00,5.05,78.721239,15.758602,4.995446, 0.000000,0.991070
20300.000000,5.00,5.05,78.930135,15.803621,4.994433, 0.000000,0.991122
20400.000000,5.00,5.05,79.192304,15.853226,4.995343, 0.000000,0.991168
20500.000000,5.00,5.05,79.640597,15.941962,4.995659, 0.000000,0.991203
20600.000000,5.00,5.05,79.816411,15.980349,4.994660, 0.000000,0.991255
20700.000000,5.00,5.05,79.915607,16.001364,4.994300, 0.000000,0.991289
20800.000000,5.00,5.05,79.854846,15.994192,4.992740, 0.000000,0.991329
20900.000000,5.00,5.05,79.544396,15.934649,4.991914, 0.000000,0.990971
21000.000000,5.00,5.05,79.244588,15.875528,4.991619, 0.000000,0.990980
21100.000000,5.00,5.05,79.028289,15.835678,4.990521, 0.000000,0.991044
21200.000000,5.00,5.05,78.690537,15.769796,4.989953, 0.000000,0.990715
21300.000000,5.00,5.05,78.471717,15.719288,4.992066, 0.000000,0.990743
21400.000000,5.00,5.05,78.442457,15.712133,4.992477, 0.000000,0.990780
21500.000000,5.00,5.05,78.411304,15.703881,4.993116, -0.000000,0.990825
21600.000000,5.00,5.05,78.515202,15.724297,4.993241, -0.000000,0.990865
21700.000000,5.00,5.05,78.687381,15.758681,4.993272, -0.000000,0.990910
21800.000000,5.00,5.05,79.038469,15.824971,4.994541, -0.000000,0.990953
21900.000000,5.00,5.05,79.580704,15.933165,4.994658, -0.000000,0.990996
22000.000000,5.00,5.05,80.173407,16.051755,4.994682, -0.000000,0.991040
22100.000000,5.00,5.05,80.763116,16.169305,4.994842, -0.000000,0.991079
22200.000000,5.00,5.05,81.415602,16.300890,4.994550, -0.000000,0.991115
22300.000000,5.00,5.05,82.062231,16.433375,4.993632, -0.000000,0.991155
22400.000000,5.00,5.05,82.802630,16.575622,4.995446, -0.000000,0.991196
22500.000000,5.00,5.05,83.445193,16.705224,4.995156, -0.000000,0.991245
22600.000000,5.00,5.05,84.026184,16.818781,4.995973, 0.000000,0.991272
22700.000000,5.00,5.05,84.482935,16.907909,4.996652, 0.000000,0.991315
22800.000000,5.00,5.05,84.793070,16.972013,4.996053, 0.000000,0.991358
22900.000000,5.00,5.05,85.100793,17.037866,4.994803, 0.000000,0.991385
23000.000000,5.00,5.05,85.216484,17.061100,4.994783, 0.000000,0.991425
23100.000000,5.00,5.05,85.249477,17.061417,4.996623, 0.000000,0.991461
23200.000000,5.00,5.05,85.404475,17.094305,4.996078, 0.000000,0.991498
23300.000000,5.00,5.05,85.609548,17.129850,4.997682, 0.000000,0.991531
23400.000000,5.00,5.05,85.793067,17.164188,4.998376, 0.000000,0.991573
23500.000000,5.00,5.05,85.855597,17.175943,4.998596, 0.000000,0.991640
23600.000000,5.00,5.05,85.849395,17.173372,4.998983, 0.000000,0.991642
23700.000000,5.00,5.05,85.695290,17.141951,4.999156, -0.000000,0.991683
23800.000000,5.00,5.05,85.421770,17.082057,5.000672, -0.000000,0.991714
23900.000000,5.00,5.05,85.183894,17.034926,5.000544, -0.000000,0.991747
24000.000000,5.00,5.05,84.980662,16.993583,5.000750, -0.000000,0.991787
24100.000000,5.00,5.05,84.719601,16.947436,4.998963, 0.000000,0.991813
24200.000000,5.00,5.05,84.455216,16.891741,4.999793, 0.000000,0.991855
24300.000000,5.00,5.05,84.177850,16.838758,4.999053, -0.000000,0.991799
24400.000000,5.00,5.05,83.924542,16.783945,5.000287, -0.000000,0.991826
24500.000000,5.00,5.05,83.718853,16.741721,5.000612, -0.000000,0.991857
24600.000000,5.00,5.05,83.483264,16.696246,5.000122, -0.000000,0.991819
24700.000000,5.00,5.05,83.174335,16.634867,5.000000, -0.000000,0.991665
24800.000000,5.00,5.05,82.946486,16.584349,5.001492, -0.000000,0.991706
24900.000000,5.00,5.05,82.676503,16.533176,5.000643, 0.000000,0.991689
25000.000000,5.00,5.05,82.410291,16.482058,5.000000, 0.000000,0.991498
25100.000000,5.00,5.05,82.124936,16.423286,5.000518, 0.000000,0.991371
25200.000000,5.00,5.05,81.814622,16.367991,4.998452, 0.000000,0.990874
25300.000000,5.00,5.05,81.524846,16.312835,4.997589, 0.000000,0.990545
25400.000000,5.00,5.05,81.236667,16.256037,4.997323, 0.000000,0.990260
25500.000000,5.00,5.05,80.982206,16.207882,4.996471, 0.000000,0.990097
25600.000000,5.00,5.05,80.711475,16.158580,4.994961, 0.000000,0.989862
25700.000000,5.00,5.05,80.473413,16.113367,4.994202, 0.000000,0.989913
25800.000000,5.00,5.05,80.388161,16.090979,4.995853, 0.000000,0.989960
25900.000000,5.00,5.05,80.582439,16.123709,4.997761, 0.000000,0.989983
26000.000000,5.00,5.05,80.951675,16.196066,4.998231, 0.000000,0.990020
26100.000000,5.00,5.05,81.307701,16.271390,4.996973, 0.000000,0.990083
26200.000000,5.00,5.05,81.566529,16.322776,4.997099, 0.000000,0.990097
26300.000000,5.00,5.05,81.803067,16.371694,4.996616, 0.000000,0.990145
26400.000000,5.00,5.05,82.057343,16.421172,4.997045, 0.000000,0.990174
26500.000000,5.00,5.05,82.356885,16.476475,4.998453, -0.000000,0.990239
26600.000000,5.00,5.05,82.589649,16.524266,4.998083, 0.000000,0.990243
26700.000000,5.00,5.05,82.814750,16.573503,4.996816, 0.000000,0.990286
26800.000000,5.00,5.05,82.911621,16.590000,4.997687, 0.000000,0.990319
26900.000000,5.00,5.05,83.023988,16.608132,4.998996, 0.000000,0.990360
27000.000000,5.00,5.05,83.193791,16.635308,5.001037, 0.000000,0.990396
27100.000000,5.00,5.05,83.574418,16.709334,5.001661, 0.000000,0.990427
27200.000000,5.00,5.05,84.041333,16.802830,5.001618, 0.000000,0.990463
27300.000000,5.00,5.05,84.405286,16.882541,4.999560, 0.000000,0.990500
27400.000000,5.00,5.05,84.590481,16.922419,4.998723, 0.000000,0.990528
27500.000000,5.00,5.05,84.727659,16.947627,4.999382, 0.000000,0.990576
27600.000000,5.00,5.05,84.914826,16.982350,5.000181, 0.000000,0.990598
27700.000000,5.00,5.05,85.087768,17.020134,4.999242, 0.000000,0.990639
27800.000000,5.00,5.05,85.184793,17.040391,4.998993, 0.000000,0.990673
27900.000000,5.00,5.05,85.322751,17.066263,4.999498, 0.000000,0.990698
28000.000000,5.00,5.05,85.467114,17.095010,4.999536, 0.000000,0.990731
28100.000000,5.00,5.05,85.602504,17.124279,4.998897, 0.000000,0.990769
28200.000000,5.00,5.05,85.863255,17.170094,5.000745, 0.000000,0.990796
28300.000000,5.00,5.05,86.150965,17.225567,5.001343, 0.000000,0.990831
28400.000000,5.00,5.05,86.622654,17.319408,5.001479, 0.000000,0.990877
28500.000000,5.00,5.05,87.148611,17.425931,5.001088, 0.000000,0.990894
28600.000000,5.00,5.05,87.620694,17.521933,5.000629, 0.000000,0.990927
28700.000000,5.00,5.05,88.103517,17.614934,5.001638, 0.000000,0.990962
28800.000000,5.00,5.05,88.610088,17.715989,5.001701, 0.000000,0.990999
28900.000000,5.00,5.05,88.936780,17.786248,5.000311, 0.000000,0.991044
29000.000000,5.00,5.05,89.154881,17.832944,4.999448, 0.000000,0.991052
29100.000000,5.00,5.05,89.348541,17.869463,5.000069, 0.000000,0.991082
29200.000000,5.00,5.05,89.488778,17.901557,4.998938, 0.000000,0.991139
29300.000000,5.00,5.05,89.671601,17.935055,4.999795, 0.000000,0.991150
29400.000000,5.00,5.05,89.877402,17.975970,4.999864, 0.000000,0.991176
29500.000000,5.00,5.05,90.019179,18.006522,4.999254, 0.000000,0.991213
29600.000000,5.00,5.05,90.016864,18.005928,4.999291, 0.000000,0.991232
29700.000000,5.00,5.05,90.025199,18.007708,4.999259, 0.000000,0.991266
29800.000000,5.00,5.05,89.960075,17.997934,4.998356, 0.000000,0.991295
29900.000000,5.00,5.05,89.832639,17.971817,4.998528, 0.000000,0.991320
30000.000000,5.00,5.05,89.729824,17.951829,4.998367, 0.000000,0.991351
30100.000000,5.00,5.05,89.676852,17.939900,4.998738, 0.000000,0.991380
30200.000000,5.00,5.05,89.631672,17.927759,4.999603, 0.000000,0.991414
30300.000000,5.00,5.05,89.619554,17.924029,4.999967, 0.000000,0.991445
30400.000000,5.00,5.05,89.712686,17.939587,5.000822, 0.000000,0.991472
30500.000000,5.00,5.05,89.955003,17.986637,5.001213, 0.000000,0.991500
30600.000000,5.00,5.05,90.158757,18.028570,5.000882, 0.000000,0.991522
30700.000000,5.00,5.05,90.262070,18.046888,5.001531, 0.000000,0.991559
30800.000000,5.00,5.05,90.387108,18.071554,5.001623, 0.000000,0.991581
30900.000000,5.00,5.05,90.398886,18.074747,5.001392, 0.000000,0.991601
31000.000000,5.00,5.05,90.493458,18.093906,5.001323, -0.000000,0.991628
31100.000000,5.00,5.05,90.600187,18.112816,5.001994, 0.000000,0.991670
31200.000000,5.00,5.05,90.810353,18.154157,5.002179, -0.000000,0.991682
31300.000000,5.00,5.05,90.898618,18.172640,5.001949, -0.000000,0.991722
31400.000000,5.00,5.05,91.010097,18.193676,5.002293, -0.000000,0.991735
31500.000000,5.00,5.05,91.026760,18.197957,5.002032, -0.000000,0.991762
31600.000000,5.00,5.05,90.916202,18.177718,5.001519, -0.000000,0.991789
31700.000000,5.00,5.05,90.711159,18.139371,5.000789, -0.000000,0.991816
31800.000000,5.00,5.05,90.496719,18.099799,4.999874, -0.000000,0.991709
31900.000000,5.00,5.05,90.230477,18.048585,4.999310, -0.000000,0.991441
32000.000000,5.00,5.05,90.058767,18.008602,5.000875, -0.000000,0.991401
32100.000000,5.00,5.05,89.892516,17.981528,4.999159, -0.000000,0.991432
32200.000000,5.00,5.05,89.649213,17.932850,4.999161, -0.000000,0.991184
32300.000000,5.00,5.05,89.397197,17.882208,4.999226, -0.000000,0.990980
32400.000000,5.00,5.05,89.163183,17.833848,4.999660, -0.000000,0.990923
32500.000000,5.00,5.05,88.982156,17.796212,5.000062, -0.000000,0.990959
32600.000000,5.00,5.05,88.748100,17.752452,4.999202, -0.000000,0.990912
32700.000000,5.00,5.05,88.509756,17.704442,4.999297, -0.000000,0.990868
32800.000000,5.00,5.05,88.349775,17.669632,5.000091, -0.000000,0.990896
32900.000000,5.00,5.05,88.171480,17.633546,5.000213, -0.000000,0.990925
33000.000000,5.00,5.05,87.987294,17.599059,4.999545, -0.000000,0.990886
33100.000000,5.00,5.05,87.768647,17.552457,5.000363, -0.000000,0.990725
33200.000000,5.00,5.05,87.519898,17.502293,5.000482, -0.000000,0.990513
33300.000000,5.00,5.05,87.296539,17.456792,5.000721, -0.000000,0.990405
33400.000000,5.00,5.05,87.203836,17.436904,5.001108, -0.000000,0.990427
33500.000000,5.00,5.05,87.185844,17.435607,5.000448, -0.000000,0.990458
33600.000000,5.00,5.05,87.145797,17.426670,5.000714, -0.000000,0.990486
33700.000000,5.00,5.05,87.232960,17.441417,5.001484, -0.000000,0.990512
33800.000000,5.00,5.05,87.489256,17.487917,5.002840, -0.000000,0.990561
33900.000000,5.00,5.05,87.903527,17.570132,5.003009, -0.000000,0.990595
34000.000000,5.00,5.05,88.384922,17.665450,5.003265, -0.000000,0.990600
34100.000000,5.00,5.05,88.888112,17.766264,5.003196, -0.000000,0.990622
34200.000000,5.00,5.05,89.431435,17.874893,5.003187, -0.000000,0.990661
34300.000000,5.00,5.05,89.845014,17.960625,5.002332, -0.000000,0.990682
34400.000000,5.00,5.05,90.271769,18.043758,5.002936, -0.000000,0.990718
34500.000000,5.00,5.05,90.713515,18.131561,5.003072, -0.000000,0.990730
34600.000000,5.00,5.05,91.067984,18.204442,5.002514, -0.000000,0.990758
34700.000000,5.00,5.05,91.261797,18.241950,5.002853, -0.000000,0.990794
34800.000000,5.00,5.05,91.468921,18.288319,5.001494, -0.000000,0.990823
34900.000000,5.00,5.05,91.656612,18.324602,5.001834, -0.000000,0.990837
35000.000000,5.00,5.05,91.919535,18.376556,5.002000, -0.000000,0.990864
35100.000000,5.00,5.05,92.173529,18.431240,5.000940, 0.000000,0.990889
35200.000000,5.00,5.05,92.416291,18.478954,5.001165, 0.000000,0.990918
35300.000000,5.00,5.05,92.743716,18.544015,5.001275, -0.000000,0.990941
35400.000000,5.00,5.05,92.962888,18.587747,5.001299, -0.000000,0.990976
35500.000000,5.00,5.05,93.123788,18.621086,5.000986, -0.000000,0.990995
35600.000000,5.00,5.05,93.291356,18.653241,5.001348, -0.000000,0.991017
35700.000000,5.00,5.05,93.525896,18.701826,5.000896, -0.000000,0.991060
35800.000000,5.00,5.05,93.735948,18.744886,5.000615, -0.000000,0.991095
35900.000000,5.00,5.05,94.086648,18.814919,5.000641, -0.000000,0.991092
36000.000000,5.00,5.05,94.461134,18.887400,5.001278, -0.000000,0.991118
36100.000000,5.00,5.05,94.917911,18.978430,5.001357, -0.000000,0.991154
36200.000000,5.00,5.05,95.397214,19.074279,5.001354, -0.000000,0.991180
36300.000000,5.00,5.05,95.817936,19.158626,5.001295, -0.000000,0.991192
36400.000000,5.00,5.05,96.251368,19.246149,5.001071, -0.000000,0.991214
36500.000000,5.00,5.05,96.660791,19.324005,5.002110, -0.000000,0.991239
36600.000000,5.00,5.05,97.070097,19.405748,5.002131, -0.000000,0.991265
36700.000000,5.00,5.05,97.454973,19.484624,5.001635, -0.000000,0.991290
36800.000000,5.00,5.05,97.746307,19.543950,5.001359, -0.000000,0.991311
36900.000000,5.00,5.05,98.061162,19.602989,5.002358, -0.000000,0.991345
37000.000000,5.00,5.05,98.398394,19.672341,5.001865, -0.000000,0.991357
37100.000000,5.00,5.05,98.693233,19.732370,5.001590, -0.000000,0.991388
37200.000000,5.00,5.05,99.004130,19.792100,5.002204, -0.000000,0.991407
37300.000000,5.00,5.05,99.336227,19.863518,5.000938, -0.000000,0.991429
37400.000000,5.00,5.05,99.626536,19.923070,5.000561, -0.000000,0.991455
37500.000000,5.00,5.05,99.910086,19.979247,5.000693, -0.000000,0.991485
37600.000000,5.00,5.05,100.360657,20.063700,5.002101, -0.000000,0.991496
37700.000000,5.00,5.05,100.815851,20.155792,5.001830, -0.000000,0.991518
37800.000000,5.00,5.05,101.230152,20.238213,5.001931, -0.000000,0.991541
37900.000000,5.00,5.05,101.555036,20.304471,5.001609, -0.000000,0.991564
38000.000000,5.00,5.05,101.692953,20.333775,5.001184, -0.000000,0.991587
38100.000000,5.00,5.05,101.884434,20.371754,5.001260, -0.000000,0.991608
38200.000000,5.00,5.05,102.072178,20.410589,5.000942, -0.000000,0.991638
38300.000000,5.00,5.05,102.335390,20.462163,5.001201, -0.000000,0.991653
38400.000000,5.00,5.05,102.626892,20.519714,5.001380, -0.000000,0.991672
38500.000000,5.00,5.05,102.953151,20.586887,5.000909, -0.000000,0.991694
38600.000000,5.00,5.05,103.132932,20.625090,5.000363, -0.000000,0.991718
38700.000000,5.00,5.05,103.405660,20.677926,5.000775, -0.000000,0.991739
38800.000000,5.00,5.05,103.675841,20.731428,5.000902, -0.000000,0.991765
38900.000000,5.00,5.05,103.856387,20.766686,5.001105, -0.000000,0.991779
39000.000000,5.00,5.05,104.094362,20.813963,5.001179, -0.000000,0.991805
39100.000000,5.00,5.05,104.393473,20.873570,5.001228, -0.000000,0.991823
39200.000000,5.00,5.05,104.682337,20.934011,5.000587, -0.000000,0.991851
39300.000000,5.00,5.05,104.966010,20.991493,5.000407, -0.000000,0.991865
39400.000000,5.00,5.05,105.252800,21.047462,5.000736, -0.000000,0.991886
39500.000000,5.00,5.05,105.407313,21.081889,4.999899, -0.000000,0.991906
39600.000000,5.00,5.05,105.572465,21.112360,5.000505, -0.000000,0.991927
39700.000000,5.00,5.05,105.850182,21.165665,5.001033, -0.000000,0.991948
39800.000000,5.00,5.05,106.167641,21.225209,5.001960, -0.000000,0.991974
39900.000000,5.00,5.05,106.549329,21.299936,5.002331, -0.000000,0.991993
40000.000000,5.00,5.05,106.952144,21.384014,5.001500, -0.000000,0.992008
40100.000000,5.00,5.05,107.304551,21.455881,5.001172, -0.000000,0.992029
40200.000000,5.00,5.05,107.581518,21.510311,5.001393, -0.000000,0.992058
40300.000000,5.00,5.05,107.773922,21.553929,5.000199, -0.000000,0.992071
40400.000000,5.00,5.05,107.854831,21.569151,5.000421, -0.000000,0.992094
40500.000000,5.00,5.05,107.904050,21.578253,5.000593, -0.000000,0.992106
40600.000000,5.00,5.05,107.924978,21.580318,5.001084, -0.000000,0.992129
40700.000000,5.00,5.05,107.970605,21.592317,5.000418, -0.000000,0.992143
40800.000000,5.00,5.05,107.921196,21.581277,5.000686, -0.000000,0.992182
40900.000000,5.00,5.05,107.792666,21.556214,5.000538, -0.000000,0.992184
41000.000000,5.00,5.05,107.584889,21.515403,5.000366, -0.000000,0.992201
41100.000000,5.00,5.05,107.372390,21.473538,5.000219, -0.000000,0.992221
41200.000000,5.00,5.05,107.135102,21.427853,4.999806, -0.000000,0.992075
41300.000000,5.00,5.05,106.911122,21.383467,4.999709, -0.000000,0.991887
41400.000000,5.00,5.05,106.666966,21.334527,4.999734, -0.000000,0.991682
41500.000000,5.00,5.05,106.431189,21.288187,4.999542, -0.000000,0.991505
41600.000000,5.00,5.05,106.250516,21.250716,4.999856, -0.000000,0.991522
41700.000000,5.00,5.05,106.078229,21.219819,4.999017, -0.000000,0.991542
41800.000000,5.00,5.05,105.896907,21.185768,4.998493, -0.000000,0.991564
41900.000000,5.00,5.05,105.680848,21.142023,4.998616, -0.000000,0.991571
42000.000000,5.00,5.05,105.501170,21.101138,4.999786, -0.000000,0.991553
42100.000000,5.00,5.05,105.389883,21.081281,4.999216, -0.000000,0.991576
42200.000000,5.00,5.05,105.226843,21.049459,4.999028, -0.000000,0.991597
42300.000000,5.00,5.05,105.087225,21.022614,4.998771, -0.000000,0.991615
42400.000000,5.00,5.05,104.967427,20.998933,4.998703, -0.000000,0.991639
42500.000000,5.00,5.05,104.784100,20.965107,4.998024, -0.000000,0.991557
42600.000000,5.00,5.05,104.581927,20.924343,4.998099, 0.000000,0.991465
42700.000000,5.00,5.05,104.456690,20.899463,4.998056, 0.000000,0.991491
42800.000000,5.00,5.05,104.270636,20.862023,4.998107, 0.000000,0.991519
42900.000000,5.00,5.05,104.077060,20.825995,4.997459, 0.000000,0.991448
43000.000000,5.00,5.05,103.882019,20.783074,4.998395, 0.000000,0.991470
43100.000000,5.00,5.05,103.696747,20.748303,4.997842, 0.000000,0.991390
43200.000000,5.00,5.05,103.485819,20.705312,4.998032, 0.000000,0.991287
43300.000000,5.00,5.05,103.385732,20.682305,4.998753, 0.000000,0.991315
43400.000000,5.00,5.05,103.362285,20.680844,4.997972, 0.000000,0.991330
43500.000000,5.00,5.05,103.258364,20.661742,4.997563, 0.000000,0.991350
43600.000000,5.00,5.05,103.102756,20.633423,4.996881, 0.000000,0.991369
43700.000000,5.00,5.05,102.916539,20.596127,4.996888, 0.000000,0.991339
43800.000000,5.00,5.05,102.710352,20.555117,4.996826, 0.000000,0.991173
43900.000000,5.00,5.05,102.554851,20.520412,4.997699, 0.000000,0.991199
44000.000000,5.00,5.05,102.432858,20.493372,4.998341, 0.000000,0.991210
44100.000000,5.00,5.05,102.358112,20.476358,4.998844, 0.000000,0.991231
44200.000000,5.00,5.05,102.249046,20.456288,4.998416, 0.000000,0.991256
44300.000000,5.00,5.05,102.066562,20.420688,4.998194, 0.000000,0.991205
44400.000000,5.00,5.05,101.875935,20.381797,4.998378, 0.000000,0.991203
44500.000000,5.00,5.05,101.732627,20.350275,4.999079, 0.000000,0.991228
44600.000000,5.00,5.05,101.747638,20.350258,4.999821, 0.000000,0.991239
44700.000000,5.00,5.05,101.821790,20.361078,5.000805, 0.000000,0.991269
44800.000000,5.00,5.05,101.903849,20.383591,4.999308, 0.000000,0.991281
44900.000000,5.00,5.05,101.895951,20.383094,4.999042, 0.000000,0.991300
45000.000000,5.00,5.05,101.823615,20.369431,4.998844, 0.000000,0.991321
45100.000000,5.00,5.05,101.674975,20.341400,4.998426, 0.000000,0.991331
45200.000000,5.00,5.05,101.475881,20.302003,4.998319, 0.000000,0.991183
45300.000000,5.00,5.05,101.275704,20.263282,4.997991, 0.000000,0.991149
45400.000000,5.00,5.05,101.079341,20.225758,4.997555, 0.000000,0.991109
45500.000000,5.00,5.05,100.921034,20.191840,4.998110, 0.000000,0.991122
45600.000000,5.00,5.05,100.758769,20.161569,4.997566, -0.000000,0.991140
45700.000000,5.00,5.05,100.556331,20.123420,4.996980, -0.000000,0.991017
45800.000000,5.00,5.05,100.393638,20.089781,4.997249, -0.000000,0.991026
45900.000000,5.00,5.05,100.262184,20.063714,4.997190, -0.000000,0.991047
46000.000000,5.00,5.05,100.134872,20.037777,4.997304, -0.000000,0.991065
46100.000000,5.00,5.05,100.024713,20.014320,4.997657, -0.000000,0.991084
46200.000000,5.00,5.05,99.979283,20.007029,4.997208, -0.000000,0.991105
46300.000000,5.00,5.05,99.863867,19.985723,4.996760, -0.000000,0.991136
46400.000000,5.00,5.05,99.724213,19.957144,4.996918, -0.000000,0.991145
46500.000000,5.00,5.05,99.601725,19.931575,4.997183, -0.000000,0.991161
46600.000000,5.00,5.05,99.511623,19.911469,4.997704, -0.000000,0.991182
46700.000000,5.00,5.05,99.411886,19.894305,4.997002, -0.000000,0.991207
46800.000000,5.00,5.05,99.277860,19.868053,4.996859, -0.000000,0.991224
46900.000000,5.00,5.05,99.156072,19.842130,4.997249, -0.000000,0.991237
47000.000000,5.00,5.05,99.115478,19.835334,4.996915, -0.000000,0.991259
47100.000000,5.00,5.05,98.980198,19.809414,4.996624, -0.000000,0.991279
47200.000000,5.00,5.05,98.788381,19.771583,4.996483, -0.000000,0.991144
47300.000000,5.00,5.05,98.679217,19.746865,4.997209, -0.000000,0.991161
47400.000000,5.00,5.05,98.591292,19.731329,4.996688, -0.000000,0.991189
47500.000000,5.00,5.05,98.577712,19.727005,4.997095, -0.000000,0.991198
47600.000000,5.00,5.05,98.513346,19.714515,4.996996, -0.000000,0.991223
47700.000000,5.00,5.05,98.436478,19.699768,4.996834, -0.000000,0.991235
47800.000000,5.00,5.05,98.326681,19.680653,4.996109, -0.000000,0.991259
47900.000000,5.00,5.05,98.192197,19.650911,4.996827, -0.000000,0.991272
48000.000000,5.00,5.05,98.094707,19.631211,4.996875, -0.000000,0.991292
48100.000000,5.00,5.05,98.025277,19.618923,4.996466, -0.000000,0.991309
48200.000000,5.00,5.05,97.941590,19.601169,4.996722, -0.000000,0.991328
48300.000000,5.00,5.05,97.784225,19.571108,4.996356, -0.000000,0.991312
48400.000000,5.00,5.05,97.641292,19.543441,4.996116, -0.000000,0.991291
48500.000000,5.00,5.05,97.580701,19.528058,4.996948, -0.000000,0.991312
48600.000000,5.00,5.05,97.498306,19.510902,4.997119, 0.000000,0.991329
48700.000000,5.00,5.05,97.425266,19.496263,4.997125, 0.000000,0.991346
48800.000000,5.00,5.05,97.338413,19.478380,4.997254, 0.000000,0.991365
48900.000000,5.00,5.05,97.300223,19.467370,4.998119, 0.000000,0.991385
49000.000000,5.00,5.05,97.279427,19.463989,4.997918, 0.000000,0.991402
49100.000000,5.00,5.05,97.177402,19.448155,4.996741, -0.000000,0.991419
49200.000000,5.00,5.05,97.004290,19.412300,4.997053, 0.000000,0.991345
49300.000000,5.00,5.05,96.845128,19.380190,4.997120, -0.000000,0.991340
49400.000000,5.00,5.05,96.668120,19.345215,4.997004, -0.000000,0.991256
49500.000000,5.00,5.05,96.519458,19.312007,4.997899, -0.000000,0.991280
49600.000000,5.00,5.05,96.363285,19.282531,4.997440, -0.000000,0.991267
49700.000000,5.00,5.05,96.250079,19.257533,4.998048, -0.000000,0.991281
49800.000000,5.00,5.05,96.164950,19.240949,4.997932, -0.000000,0.991292
49900.000000,5.00,5.05,96.019490,19.211675,4.997976, -0.000000,0.991274
50000.000000,5.00,5.05,95.856519,19.181432,4.997360, -0.000000,0.991189
50100.000000,5.00,5.05,95.674943,19.144312,4.997565, -0.000000,0.990986
50200.000000,5.00,5.05,95.501288,19.112441,4.996813, -0.000000,0.990891
50300.000000,5.00,5.05,95.368912,19.087747,4.996342, -0.000000,0.990889
50400.000000,5.00,5.05,95.238763,19.059324,4.996964, 0.000000,0.990876
50500.000000,5.00,5.05,95.138286,19.040854,4.996535, 0.000000,0.990887
50600.000000,5.00,5.05,95.001587,19.014898,4.996166, 0.000000,0.990891
50700.000000,5.00,5.05,94.844891,18.983056,4.996292, 0.000000,0.990863
50800.000000,5.00,5.05,94.678455,18.949269,4.996417, 0.000000,0.990767
50900.000000,5.00,5.05,94.532830,18.924412,4.995285, -0.000000,0.990698
51000.000000,5.00,5.05,94.407662,18.896131,4.996137, -0.000000,0.990688
51100.000000,5.00,5.05,94.402972,18.890502,4.997378, -0.000000,0.990705
51200.000000,5.00,5.05,94.411802,18.889591,4.998086, -0.000000,0.990722
51300.000000,5.00,5.05,94.368073,18.880534,4.998168, -0.000000,0.990746
51400.000000,5.00,5.05,94.283848,18.865138,4.997782, -0.000000,0.990762
51500.000000,5.00,5.05,94.196906,18.845602,4.998350, -0.000000,0.990785
51600.000000,5.00,5.05,94.165417,18.838487,4.998566, -0.000000,0.990808
51700.000000,5.00,5.05,94.116846,18.831091,4.997950, -0.000000,0.990811
51800.000000,5.00,5.05,93.979144,18.805704,4.997375, -0.000000,0.990754
51900.000000,5.00,5.05,93.812538,18.772925,4.997225, -0.000000,0.990538
52000.000000,5.00,5.05,93.667409,18.746388,4.996558, -0.000000,0.990519
52100.000000,5.00,5.05,93.638226,18.737284,4.997428, -0.000000,0.990533
52200.000000,5.00,5.05,93.604742,18.731786,4.997107, -0.000000,0.990564
52300.000000,5.00,5.05,93.547603,18.720259,4.997132, -0.000000,0.990571
52400.000000,5.00,5.05,93.493457,18.708617,4.997347, -0.000000,0.990588
52500.000000,5.00,5.05,93.392364,18.688583,4.997295, -0.000000,0.990607
52600.000000,5.00,5.05,93.299815,18.668197,4.997795, -0.000000,0.990626
52700.000000,5.00,5.05,93.176030,18.646033,4.997097, -0.000000,0.990577
52800.000000,5.00,5.05,93.013203,18.614133,4.996913, -0.000000,0.990439
52900.000000,5.00,5.05,92.853369,18.582547,4.996805, -0.000000,0.990349
53000.000000,5.00,5.05,92.704291,18.555072,4.996170, -0.000000,0.990291
53100.000000,5.00,5.05,92.567622,18.527341,4.996271, -0.000000,0.990317
53200.000000,5.00,5.05,92.420249,18.497749,4.996297, -0.000000,0.990305
53300.000000,5.00,5.05,92.272900,18.468925,4.996116, -0.000000,0.990279
53400.000000,5.00,5.05,92.133318,18.441099,4.996086, -0.000000,0.990256
53500.000000,5.00,5.05,92.032028,18.421418,4.995925, -0.000000,0.990263
53600.000000,5.00,5.05,91.888147,18.396644,4.994832, -0.000000,0.990209
53700.000000,5.00,5.05,91.724817,18.367469,4.993873, -0.000000,0.989974
53800.000000,5.00,5.05,91.603465,18.340943,4.994480, -0.000000,0.989943
53900.000000,5.00,5.05,91.459984,18.310885,4.994842, -0.000000,0.989904
54000.000000,5.00,5.05,91.347756,18.287093,4.995204, -0.000000,0.989926
54100.000000,5.00,5.05,91.225026,18.264316,4.994713, -0.000000,0.989864
54200.000000,5.00,5.05,91.082530,18.237637,4.994207, -0.000000,0.989856
54300.000000,5.00,5.05,90.928655,18.208533,4.993738, -0.000000,0.989723
54400.000000,5.00,5.05,90.769502,18.177424,4.993529, -0.000000,0.989391
54500.000000,5.00,5.05,90.631352,18.149248,4.993670, -0.000000,0.989389
54600.000000,5.00,5.05,90.487139,18.119995,4.993773, -0.000000,0.989369
54700.000000,5.00,5.05,90.352242,18.090821,4.994369, -0.000000,0.989373
54800.000000,5.00,5.05,90.202405,18.061113,4.994288, -0.000000,0.989238
54900.000000,5.00,5.05,90.120228,18.045542,4.994044, -0.000000,0.989263
55000.000000,5.00,5.05,90.084849,18.036384,4.994618, -0.000000,0.989281
55100.000000,5.00,5.05,90.028036,18.028576,4.993630, -0.000000,0.989295
55200.000000,5.00,5.05,89.923035,18.007835,4.993551, -0.000000,0.989313
55300.000000,5.00,5.05,89.811383,17.984066,4.993942, -0.000000,0.989344
55400.000000,5.00,5.05,89.686180,17.961098,4.993357, -0.000000,0.989285
55500.000000,5.00,5.05,89.554240,17.935279,4.993189, -0.000000,0.989228
55600.000000,5.00,5.05,89.472326,17.918765,4.993219, -0.000000,0.989252
55700.000000,5.00,5.05,89.357374,17.896408,4.993034, -0.000000,0.989273
55800.000000,5.00,5.05,89.250625,17.876716,4.992563, -0.000000,0.989288
55900.000000,5.00,5.05,89.148770,17.856459,4.992522, -0.000000,0.989306
56000.000000,5.00,5.05,89.021898,17.832019,4.992250, -0.000000,0.989236
56100.000000,5.00,5.05,88.894279,17.806025,4.992371, -0.000000,0.989234
56200.000000,5.00,5.05,88.770404,17.780657,4.992527, -0.000000,0.989149
56300.000000,5.00,5.05,88.751096,17.774086,4.993286, -0.000000,0.989162
56400.000000,5.00,5.05,88.809229,17.785749,4.993280, -0.000000,0.989182
56500.000000,5.00,5.05,88.883630,17.803952,4.992354, -0.000000,0.989223
56600.000000,5.00,5.05,88.916229,17.811631,4.992032, -0.000000,0.989226
56700.000000,5.00,5.05,88.934146,17.814415,4.992257, -0.000000,0.989242
56800.000000,5.00,5.05,88.951305,17.816295,4.992694, -0.000000,0.989260
56900.000000,5.00,5.05,89.007622,17.826902,4.992882, -0.000000,0.989283
57000.000000,5.00,5.05,89.139809,17.853583,4.992825, -0.000000,0.989302
57100.000000,5.00,5.05,89.241650,17.874814,4.992592, -0.000000,0.989323
57200.000000,5.00,5.05,89.320937,17.891964,4.992238, -0.000000,0.989338
57300.000000,5.00,5.05,89.400116,17.907713,4.992269, -0.000000,0.989353
57400.000000,5.00,5.05,89.472797,17.922599,4.992178, -0.000000,0.989370
57500.000000,5.00,5.05,89.485147,17.926335,4.991826, -0.000000,0.989398
57600.000000,5.00,5.05,89.525252,17.932821,4.992257, -0.000000,0.989411
57700.000000,5.00,5.05,89.538455,17.935107,4.992357, -0.000000,0.989431
57800.000000,5.00,5.05,89.517298,17.931505,4.992180, -0.000000,0.989447
57900.000000,5.00,5.05,89.463381,17.921586,4.991934, -0.000000,0.989467
58000.000000,5.00,5.05,89.349941,17.897204,4.992397, -0.000000,0.989483
58100.000000,5.00,5.05,89.277871,17.881119,4.992857, -0.000000,0.989505
58200.000000,5.00,5.05,89.224837,17.872052,4.992423, -0.000000,0.989518
58300.000000,5.00,5.05,89.106690,17.850057,4.991955, -0.000000,0.989484
58400.000000,5.00,5.05,88.977936,17.822565,4.992432, -0.000000,0.989446
58500.000000,5.00,5.05,88.854754,17.797724,4.992479, -0.000000,0.989430
58600.000000,5.00,5.05,88.810451,17.788317,4.992628, -0.000000,0.989448
58700.000000,5.00,5.05,88.707937,17.769498,4.992147, -0.000000,0.989447
58800.000000,5.00,5.05,88.583294,17.744422,4.992177, -0.000000,0.989457
58900.000000,5.00,5.05,88.510533,17.730102,4.992105, -0.000000,0.989471
59000.000000,5.00,5.05,88.410887,17.711236,4.991797, 0.000000,0.989493
59100.000000,5.00,5.05,88.298465,17.689805,4.991489, 0.000000,0.989483
59200.000000,5.00,5.05,88.211720,17.670163,4.992128, 0.000000,0.989503
59300.000000,5.00,5.05,88.173822,17.662882,4.992040, 0.000000,0.989516
59400.000000,5.00,5.05,88.197203,17.669604,4.991465, -0.000000,0.989536
59500.000000,5.00,5.05,88.164793,17.662465,4.991647, -0.000000,0.989552
59600.000000,5.00,5.05,88.100442,17.650355,4.991426, -0.000000,0.989570
59700.000000,5.00,5.05,88.024457,17.632773,4.992094, -0.000000,0.989589
59800.000000,5.00,5.05,87.912429,17.611819,4.991672, -0.000000,0.989597
59900.000000,5.00,5.05,87.822030,17.593248,4.991803, 0.000000,0.989610
60000.000000,5.00,5.05,87.759156,17.580722,4.991783, -0.000000,0.989628
60100.000000,5.00,5.05,87.721425,17.571768,4.992180, -0.000000,0.989650
60200.000000,5.00,5.05,87.680182,17.564571,4.991877, -0.000000,0.989676
60300.000000,5.00,5.05,87.566612,17.541890,4.991857, -0.000000,0.989675
60400.000000,5.00,5.05,87.435947,17.515493,4.991921, -0.000000,0.989592
60500.000000,5.00,5.05,87.377107,17.503369,4.992017, -0.000000,0.989610
60600.000000,5.00,5.05,87.282257,17.485421,4.991716, -0.000000,0.989621
60700.000000,5.00,5.05,87.191417,17.466887,4.991812, -0.000000,0.989638
60800.000000,5.00,5.05,87.135991,17.454068,4.992303, -0.000000,0.989655
60900.000000,5.00,5.05,87.125799,17.452155,4.992266, -0.000000,0.989677
61000.000000,5.00,5.05,87.066175,17.441370,4.991934, -0.000000,0.989688
61100.000000,5.00,5.05,86.960398,17.418707,4.992357, -0.000000,0.989706
61200.000000,5.00,5.05,86.904890,17.407544,4.992369, -0.000000,0.989723
61300.000000,5.00,5.05,86.826808,17.394703,4.991566, -0.000000,0.989741
61400.000000,5.00,5.05,86.710509,17.372603,4.991221, -0.000000,0.989669
61500.000000,5.00,5.05,86.581125,17.346857,4.991171, -0.000000,0.989558
61600.000000,5.00,5.05,86.473676,17.325730,4.991055, -0.000000,0.989553
61700.000000,5.00,5.05,86.368034,17.305413,4.990810, -0.000000,0.989534
61800.000000,5.00,5.05,86.305417,17.292254,4.990987, -0.000000,0.989553
61900.000000,5.00,5.05,86.314481,17.293572,4.991131, -0.000000,0.989572
62000.000000,5.00,5.05,86.353612,17.299462,4.991694, -0.000000,0.989585
62100.000000,5.00,5.05,86.450682,17.317912,4.991981, -0.000000,0.989607
62200.000000,5.00,5.05,86.557991,17.341039,4.991511, -0.000000,0.989621
62300.000000,5.00,5.05,86.658792,17.360684,4.991669, -0.000000,0.989635
62400.000000,5.00,5.05,86.758855,17.379790,4.991939, -0.000000,0.989652
62500.000000,5.00,5.05,86.819413,17.392936,4.991648, -0.000000,0.989673
62600.000000,5.00,5.05,86.910696,17.410619,4.991821, -0.000000,0.989684
62700.000000,5.00,5.05,87.044222,17.435596,4.992329, -0.000000,0.989704
62800.000000,5.00,5.05,87.263097,17.477890,4.992771, -0.000000,0.989722
62900.000000,5.00,5.05,87.458927,17.516905,4.992830, -0.000000,0.989735
63000.000000,5.00,5.05,87.615200,17.548890,4.992635, -0.000000,0.989750
63100.000000,5.00,5.05,87.757881,17.578152,4.992441, -0.000000,0.989768
63200.000000,5.00,5.05,87.907140,17.607840,4.992500, -0.000000,0.989785
63300.000000,5.00,5.05,88.079158,17.642365,4.992480, -0.000000,0.989801
63400.000000,5.00,5.05,88.274985,17.678699,4.993297, -0.000000,0.989817
63500.000000,5.00,5.05,88.492825,17.721729,4.993465, -0.000000,0.989831
63600.000000,5.00,5.05,88.698700,17.763089,4.993428, -0.000000,0.989847
63700.000000,5.00,5.05,88.849965,17.795023,4.992967, -0.000000,0.989863
63800.000000,5.00,5.05,88.956074,17.815900,4.993072, -0.000000,0.989880
63900.000000,5.00,5.05,89.087029,17.840915,4.993412, -0.000000,0.989894
64000.000000,5.00,5.05,89.288331,17.880744,4.993547, -0.000000,0.989916
64100.000000,5.00,5.05,89.521575,17.925904,4.993978, -0.000000,0.989928
64200.000000,5.00,5.05,89.811024,17.982765,4.994283, -0.000000,0.989942
64300.000000,5.00,5.05,90.103935,18.041045,4.994386, -0.000000,0.989959
64400.000000,5.00,5.05,90.392143,18.098101,4.994565, -0.000000,0.989975
64500.000000,5.00,5.05,90.672842,18.156525,4.993953, -0.000000,0.989993
64600.000000,5.00,5.05,90.960972,18.213566,4.994133, -0.000000,0.990008
64700.000000,5.00,5.05,91.269277,18.277246,4.993601, -0.000000,0.990020
64800.000000,5.00,5.05,91.469338,18.318349,4.993318, -0.000000,0.990036
64900.000000,5.00,5.05,91.633339,18.351098,4.993344, -0.000000,0.990051
65000.000000,5.00,5.05,91.835519,18.389624,4.993877, -0.000000,0.990077
65100.000000,5.00,5.05,91.974210,18.419061,4.993425, -0.000000,0.990081
65200.000000,5.00,5.05,92.046358,18.433246,4.993497, -0.000000,0.990096
65300.000000,5.00,5.05,92.107263,18.446029,4.993338, -0.000000,0.990117
65400.000000,5.00,5.05,92.135218,18.452324,4.993150, -0.000000,0.990128
65500.000000,5.00,5.05,92.183868,18.462593,4.993008, -0.000000,0.990142
65600.000000,5.00,5.05,92.242493,18.473731,4.993171, -0.000000,0.990156
65700.000000,5.00,5.05,92.334697,18.491820,4.993272, -0.000000,0.990173
65800.000000,5.00,5.05,92.459261,18.518532,4.992796, -0.000000,0.990190
65900.000000,5.00,5.05,92.553659,18.537737,4.992716, -0.000000,0.990203
66000.000000,5.00,5.05,92.626519,18.552458,4.992682, -0.000000,0.990216
66100.000000,5.00,5.05,92.657530,18.558515,4.992723, -0.000000,0.990231
66200.000000,5.00,5.05,92.693002,18.566029,4.992613, -0.000000,0.990251
66300.000000,5.00,5.05,92.653780,18.559477,4.992262, -0.000000,0.990263
66400.000000,5.00,5.05,92.621517,18.553027,4.992259, -0.000000,0.990277
66500.000000,5.00,5.05,92.615352,18.550017,4.992737, -0.000000,0.990291
66600.000000,5.00,5.05,92.590859,18.545684,4.992583, -0.000000,0.990305
66700.000000,5.00,5.05,92.581307,18.541502,4.993193, -0.000000,0.990318
66800.000000,5.00,5.05,92.611013,18.545134,4.993817, -0.000000,0.990335
66900.000000,5.00,5.05,92.646725,18.551696,4.993976, -0.000000,0.990350
67000.000000,5.00,5.05,92.743656,18.569241,4.994478, -0.000000,0.990365
67100.000000,5.00,5.05,92.865448,18.594538,4.994232, -0.000000,0.990382
67200.000000,5.00,5.05,92.986834,18.618201,4.994405, -0.000000,0.990396
67300.000000,5.00,5.05,93.118436,18.643522,4.994681, -0.000000,0.990408
67400.000000,5.00,5.05,93.242804,18.669557,4.994377, -0.000000,0.990419
67500.000000,5.00,5.05,93.347295,18.687731,4.995111, -0.000000,0.990436
67600.000000,5.00,5.05,93.517826,18.721123,4.995311, -0.000000,0.990449
67700.000000,5.00,5.05,93.671791,18.751143,4.995524, -0.000000,0.990462
67800.000000,5.00,5.05,93.891786,18.793880,4.995870, -0.000000,0.990478
67900.000000,5.00,5.05,94.180146,18.849854,4.996333, -0.000000,0.990502
68000.000000,5.00,5.05,94.500436,18.914941,4.996074, -0.000000,0.990504
68100.000000,5.00,5.05,94.778522,18.972253,4.995639, -0.000000,0.990520
68200.000000,5.00,5.05,95.100106,19.035484,4.995938, -0.000000,0.990539
68300.000000,5.00,5.05,95.443235,19.103191,4.996193, -0.000000,0.990546
68400.000000,5.00,5.05,95.827704,19.180403,4.996126, -0.000000,0.990560
68500.000000,5.00,5.05,96.226670,19.260518,4.996058, -0.000000,0.990574
68600.000000,5.00,5.05,96.583671,19.334490,4.995408, -0.000000,0.990592
68700.000000,5.00,5.05,96.861336,19.391913,4.994934, -0.000000,0.990602
68800.000000,5.00,5.05,97.096922,19.438427,4.995102, -0.000000,0.990617
68900.000000,5.00,5.05,97.306066,19.479986,4.995181, -0.000000,0.990628
69000.000000,5.00,5.05,97.515432,19.522722,4.994971, -0.000000,0.990647
69100.000000,5.00,5.05,97.683716,19.555591,4.995181, -0.000000,0.990658
69200.000000,5.00,5.05,97.843481,19.586755,4.995390, -0.000000,0.990672
69300.000000,5.00,5.05,98.021556,19.622149,4.995455, -0.000000,0.990686
69400.000000,5.00,5.05,98.196149,19.657358,4.995389, -0.000000,0.990696
69500.000000,5.00,5.05,98.370878,19.692310,4.995396, -0.000000,0.990709
69600.000000,5.00,5.05,98.540411,19.724973,4.995718, -0.000000,0.990729
69700.000000,5.00,5.05,98.722692,19.762855,4.995366, -0.000000,0.990735
69800.000000,5.00,5.05,98.943268,19.806985,4.995372, -0.000000,0.990753
69900.000000,5.00,5.05,99.128093,19.843617,4.995465, -0.000000,0.990764
70000.000000,5.00,5.05,99.314953,19.879803,4.995771, -0.000000,0.990776
70100.000000,5.00,5.05,99.520707,19.920737,4.995835, -0.000000,0.990788
70200.000000,5.00,5.05,99.733774,19.962281,4.996111, -0.000000,0.990806
70300.000000,5.00,5.05,99.934873,20.002738,4.996060, -0.000000,0.990826
70400.000000,5.00,5.05,100.179074,20.051309,4.996136, -0.000000,0.990829
70500.000000,5.00,5.05,100.406722,20.096624,4.996199, -0.000000,0.990843
70600.000000,5.00,5.05,100.596235,20.133905,4.996360, -0.000000,0.990859
70700.000000,5.00,5.05,100.758541,20.167683,4.996040, -0.000000,0.990868
70800.000000,5.00,5.05,100.896102,20.196336,4.995763, -0.000000,0.990879
70900.000000,5.00,5.05,101.021087,20.222472,4.995487, -0.000000,0.990897
71000.000000,5.00,5.05,101.148564,20.247451,4.995620, -0.000000,0.990905
71100.000000,5.00,5.05,101.249914,20.268855,4.995345, -0.000000,0.990918
71200.000000,5.00,5.05,101.336784,20.285876,4.995435, -0.000000,0.990932
71300.000000,5.00,5.05,101.453281,20.309000,4.995484, -0.000000,0.990949
71400.000000,5.00,5.05,101.555249,20.329272,4.995518, -0.000000,0.990956
71500.000000,5.00,5.05,101.671000,20.351905,4.995650, -0.000000,0.990973
71600.000000,5.00,5.05,101.830236,20.383641,4.995684, -0.000000,0.990995
71700.000000,5.00,5.05,102.011216,20.417848,4.996179, -0.000000,0.990997
71800.000000,5.00,5.05,102.206949,20.457973,4.995947, -0.000000,0.991011
71900.000000,5.00,5.05,102.363081,20.486635,4.996579, -0.000000,0.991022
72000.000000,5.00,5.05,102.509823,20.518208,4.996042, -0.000000,0.991038
72100.000000,5.00,5.05,102.583868,20.532094,4.996269, -0.000000,0.991047
72200.000000,5.00,5.05,102.705052,20.553707,4.996911, -0.000000,0.991056
72300.000000,5.00,5.05,102.836491,20.582329,4.996349, -0.000000,0.991069
72400.000000,5.00,5.05,102.955897,20.605353,4.996561, -0.000000,0.991081
72500.000000,5.00,5.05,103.131847,20.638212,4.997131, -0.000000,0.991094
72600.000000,5.00,5.05,103.319965,20.676638,4.996942, -0.000000,0.991106
72700.000000,5.00,5.05,103.428780,20.699309,4.996726, -0.000000,0.991122
72800.000000,5.00,5.05,103.518938,20.715625,4.997143, -0.000000,0.991132
72900.000000,5.00,5.05,103.620290,20.734013,4.997599, -0.000000,0.991149
73000.000000,5.00,5.05,103.716768,20.754043,4.997425, -0.000000,0.991154
73100.000000,5.00,5.05,103.820283,20.775027,4.997360, -0.000000,0.991167
73200.000000,5.00,5.05,103.911845,20.793845,4.997240, -0.000000,0.991182
73300.000000,5.00,5.05,103.983079,20.808312,4.997190, -0.000000,0.991191
73400.000000,5.00,5.05,104.095550,20.829553,4.997493, -0.000000,0.991205
73500.000000,5.00,5.05,104.226741,20.854598,4.997782, -0.000000,0.991214
73600.000000,5.00,5.05,104.367453,20.882627,4.997813, -0.000000,0.991227
73700.000000,5.00,5.05,104.492440,20.907736,4.997788, -0.000000,0.991239
73800.000000,5.00,5.05,104.565457,20.921369,4.998022, -0.000000,0.991251
73900.000000,5.00,5.05,104.582055,20.926322,4.997632, -0.000000,0.991264
74000.000000,5.00,5.05,104.593495,20.927240,4.997959, -0.000000,0.991280
74100.000000,5.00,5.05,104.619632,20.932119,4.998043, -0.000000,0.991290
74200.000000,5.00,5.05,104.644198,20.937982,4.997817, -0.000000,0.991297
74300.000000,5.00,5.05,104.651941,20.938166,4.998143, -0.000000,0.991313
74400.000000,5.00,5.05,104.691781,20.946521,4.998051, -0.000000,0.991321
74500.000000,5.00,5.05,104.690249,20.947103,4.997839, -0.000000,0.991336
74600.000000,5.00,5.05,104.678668,20.944493,4.997909, -0.000000,0.991344
74700.000000,5.00,5.05,104.683281,20.945068,4.997992, -0.000000,0.991356
74800.000000,5.00,5.05,104.695087,20.947082,4.998075, -0.000000,0.991369
74900.000000,5.00,5.05,104.711730,20.951297,4.997864, -0.000000,0.991385
75000.000000,5.00,5.05,104.712539,20.953404,4.997400, -0.000000,0.991390
75100.000000,5.00,5.05,104.702931,20.950183,4.997710, -0.000000,0.991402
75200.000000,5.00,5.05,104.708600,20.949409,4.998165, -0.000000,0.991414
75300.000000,5.00,5.05,104.694887,20.946043,4.998313, -0.000000,0.991426
75400.000000,5.00,5.05,104.696109,20.944833,4.998660, -0.000000,0.991438
75500.000000,5.00,5.05,104.699238,20.945951,4.998543, -0.000000,0.991453
75600.000000,5.00,5.05,104.701167,20.946273,4.998558, -0.000000,0.991459
75700.000000,5.00,5.05,104.696157,20.945928,4.998402, -0.000000,0.991470
75800.000000,5.00,5.05,104.650876,20.935865,4.998641, -0.000000,0.991481
75900.000000,5.00,5.05,104.575755,20.921160,4.998564, -0.000000,0.991492
76000.000000,5.00,5.05,104.495434,20.902992,4.999066, -0.000000,0.991511
76100.000000,5.00,5.05,104.451923,20.892032,4.999606, -0.000000,0.991518
76200.000000,5.00,5.05,104.401395,20.882910,4.999370, -0.000000,0.991527
76300.000000,5.00,5.05,104.320891,20.867788,4.999135, -0.000000,0.991538
76400.000000,5.00,5.05,104.214622,20.845162,4.999463, -0.000000,0.991546
76500.000000,5.00,5.05,104.102102,20.823687,4.999216, -0.000000,0.991480
76600.000000,5.00,5.05,104.041141,20.810565,4.999439, -0.000000,0.991495
76700.000000,5.00,5.05,104.041576,20.809129,4.999804, -0.000000,0.991502
76800.000000,5.00,5.05,104.094450,20.818619,5.000065, -0.000000,0.991522
76900.000000,5.00,5.05,104.158272,20.831600,5.000013, -0.000000,0.991530
77000.000000,5.00,5.05,104.242592,20.849331,4.999805, -0.000000,0.991536
77100.000000,5.00,5.05,104.290567,20.860224,4.999494, -0.000000,0.991547
77200.000000,5.00,5.05,104.359469,20.873732,4.999560, -0.000000,0.991560
77300.000000,5.00,5.05,104.418325,20.885881,4.999470, -0.000000,0.991568
77400.000000,5.00,5.05,104.487120,20.901042,4.999134, -0.000000,0.991579
77500.000000,5.00,5.05,104.555891,20.915442,4.998981, -0.000000,0.991590
77600.000000,5.00,5.05,104.644795,20.932951,4.999046, -0.000000,0.991600
77700.000000,5.00,5.05,104.715580,20.947375,4.998983, -0.000000,0.991611
77800.000000,5.00,5.05,104.731914,20.949129,4.999344, -0.000000,0.991621
77900.000000,5.00,5.05,104.751952,20.953134,4.999345, -0.000000,0.991642
78000.000000,5.00,5.05,104.755046,20.955362,4.998962, -0.000000,0.991644
78100.000000,5.00,5.05,104.751620,20.953060,4.999347, -0.000000,0.991657
78200.000000,5.00,5.05,104.737366,20.951599,4.999015, -0.000000,0.991665
78300.000000,5.00,5.05,104.669783,20.938021,4.999029, -0.000000,0.991679
78400.000000,5.00,5.05,104.551532,20.916122,4.998610, -0.000000,0.991626
78500.000000,5.00,5.05,104.442595,20.894801,4.998497, -0.000000,0.991631
78600.000000,5.00,5.05,104.349971,20.875997,4.998562, -0.000000,0.991647
78700.000000,5.00,5.05,104.259770,20.858368,4.998463, -0.000000,0.991653
78800.000000,5.00,5.05,104.144737,20.835769,4.998363, -0.000000,0.991586
78900.000000,5.00,5.05,104.041056,20.815281,4.998302, -0.000000,0.991586
79000.000000,5.00,5.05,103.937635,20.795740,4.998025, -0.000000,0.991595
79100.000000,5.00,5.05,103.842432,20.775525,4.998306, -0.000000,0.991603
79200.000000,5.00,5.05,103.758581,20.758741,4.998308, -0.000000,0.991615
79300.000000,5.00,5.05,103.692967,20.743249,4.998878, -0.000000,0.991634
79400.000000,5.00,5.05,103.645238,20.733069,4.999030, -0.000000,0.991635
79500.000000,5.00,5.05,103.595689,20.723569,4.998931, -0.000000,0.991652
79600.000000,5.00,5.05,103.606920,20.724040,4.999359, -0.000000,0.991657
79700.000000,5.00,5.05,103.604967,20.724894,4.999059, -0.000000,0.991671
79800.000000,5.00,5.05,103.581619,20.721361,4.998784, -0.000000,0.991683
79900.000000,5.00,5.05,103.475372,20.699427,4.998949, -0.000000,0.991655
80000.000000,5.00,5.05,103.370348,20.678877,4.998837, -0.000000,0.991646
80100.000000,5.00,5.05,103.255468,20.655993,4.998814, -0.000000,0.991582
80200.000000,5.00,5.05,103.136027,20.634564,4.998217, -0.000000,0.991430
80300.000000,5.00,5.05,103.017293,20.611981,4.997933, -0.000000,0.991320
80400.000000,5.00,5.05,102.897975,20.589634,4.997562, -0.000000,0.991238
80500.000000,5.00,5.05,102.783229,20.566150,4.997689, -0.000000,0.991190
80600.000000,5.00,5.05,102.686049,20.546744,4.997680, -0.000000,0.991198
80700.000000,5.00,5.05,102.614808,20.532223,4.997745, -0.000000,0.991209
80800.000000,5.00,5.05,102.552238,20.519285,4.997847, -0.000000,0.991219
80900.000000,5.00,5.05,102.494048,20.507580,4.997862, -0.000000,0.991231
81000.000000,5.00,5.05,102.456376,20.499374,4.998025, -0.000000,0.991243
81100.000000,5.00,5.05,102.456926,20.496895,4.998656, -0.000000,0.991252
81200.000000,5.00,5.05,102.439438,20.494298,4.998436, -0.000000,0.991263
81300.000000,5.00,5.05,102.435587,20.493117,4.998536, -0.000000,0.991277
81400.000000,5.00,5.05,102.417129,20.489215,4.998587, -0.000000,0.991287
81500.000000,5.00,5.05,102.388537,20.484745,4.998282, -0.000000,0.991299
81600.000000,5.00,5.05,102.307806,20.467932,4.998444, -0.000000,0.991309
81700.000000,5.00,5.05,102.188749,20.445257,4.998164, -0.000000,0.991219
81800.000000,5.00,5.05,102.073992,20.422538,4.998105, -0.000000,0.991167
81900.000000,5.00,5.05,101.959058,20.400679,4.997827, -0.000000,0.991042
82000.000000,5.00,5.05,101.845965,20.378885,4.997622, -0.000000,0.991023
82100.000000,5.00,5.05,101.727622,20.356236,4.997369, -0.000000,0.990922
82200.000000,5.00,5.05,101.634249,20.336746,4.997567, -0.000000,0.990933
82300.000000,5.00,5.05,101.523711,20.316542,4.997096, -0.000000,0.990933
82400.000000,5.00,5.05,101.420661,20.296941,4.996845, -0.000000,0.990868
82500.000000,5.00,5.05,101.333103,20.279354,4.996861, -0.000000,0.990879
82600.000000,5.00,5.05,101.244480,20.260375,4.997167, -0.000000,0.990889
82700.000000,5.00,5.05,101.140496,20.239259,4.997243, -0.000000,0.990881
82800.000000,5.00,5.05,101.066425,20.225450,4.996993, -0.000000,0.990893
82900.000000,5.00,5.05,100.966251,20.206022,4.996840, -0.000000,0.990902
83000.000000,5.00,5.05,100.852849,20.184918,4.996446, -0.000000,0.990825
83100.000000,5.00,5.05,100.753072,20.165757,4.996245, -0.000000,0.990810
83200.000000,5.00,5.05,100.642470,20.144135,4.996118, -0.000000,0.990754
83300.000000,5.00,5.05,100.553134,20.126815,4.995978, -0.000000,0.990745
83400.000000,5.00,5.05,100.480724,20.113123,4.995779, -0.000000,0.990764
83500.000000,5.00,5.05,100.436985,20.103287,4.996048, -0.000000,0.990770
83600.000000,5.00,5.05,100.416751,20.099747,4.995921, -0.000000,0.990782
83700.000000,5.00,5.05,100.368333,20.091814,4.995484, -0.000000,0.990790
83800.000000,5.00,5.05,100.335848,20.085385,4.995465, -0.000000,0.990800
83900.000000,5.00,5.05,100.258818,20.069465,4.995590, -0.000000,0.990812
84000.000000,5.00,5.05,100.236148,20.064954,4.995583, -0.000000,0.990823
84100.000000,5.00,5.05,100.184570,20.056708,4.995065, -0.000000,0.990833
84200.000000,5.00,5.05,100.101946,20.040715,4.994929, -0.000000,0.990844
84300.000000,5.00,5.05,100.008062,20.021658,4.994994, -0.000000,0.990858
84400.000000,5.00,5.05,99.942897,20.007829,4.995190, -0.000000,0.990870
84500.000000,5.00,5.05,99.864445,19.993048,4.994959, -0.000000,0.990876
84600.000000,5.00,5.05,99.813623,19.980438,4.995567, -0.000000,0.990889
84700.000000,5.00,5.05,99.741675,19.964693,4.995903, -0.000000,0.990898
84800.000000,5.00,5.05,99.703971,19.955290,4.996368, -0.000000,0.990911
84900.000000,5.00,5.05,99.669288,19.948613,4.996302, -0.000000,0.990921
85000.000000,5.00,5.05,99.604749,19.936477,4.996106, -0.000000,0.990934
85100.000000,5.00,5.05,99.518556,19.918644,4.996251, -0.000000,0.990941
85200.000000,5.00,5.05,99.436739,19.902999,4.996068, -0.000000,0.990956
85300.000000,5.00,5.05,99.341522,19.884996,4.995803, -0.000000,0.990917
85400.000000,5.00,5.05,99.260570,19.868772,4.995808, -0.000000,0.990928
85500.000000,5.00,5.05,99.161353,19.848986,4.995789, -0.000000,0.990931
85600.000000,5.00,5.05,99.100027,19.836180,4.995923, -0.000000,0.990940
85700.000000,5.00,5.05,99.030099,19.824155,4.995426, -0.000000,0.990951
85800.000000,5.00,5.05,98.918488,19.803132,4.995093, -0.000000,0.990788
85900.000000,5.00,5.05,98.816795,19.783672,4.994866, -0.000000,0.990750
86000.000000,5.00,5.05,98.733086,19.765003,4.995349, -0.000000,0.990762
86100.000000,5.00,5.05,98.673384,19.752020,4.995610, -0.000000,0.990775
86200.000000,5.00,5.05,98.673617,19.751129,4.995847, -0.000000,0.990785
86300.000000,5.00,5.05,98.735621,19.762650,4.996072, -0.000000,0.990793
86400.000000,5.00,5.05,98.815678,19.776640,4.996586, -0.000000,0.990804
86500.000000,5.00,5.05,98.912598,19.796068,4.996578, -0.000000,0.990814
86600.000000,5.00,5.05,98.956307,19.805624,4.996374, -0.000000,0.990827
86700.000000,5.00,5.05,99.001596,19.815632,4.996136, -0.000000,0.990839
86800.000000,5.00,5.05,99.013020,19.817764,4.996175, -0.000000,0.990859
86900.000000,5.00,5.05,99.018805,19.817490,4.996536, -0.000000,0.990858
87000.000000,5.00,5.05,99.034600,19.819632,4.996793, -0.000000,0.990869
87100.000000,5.00,5.05,99.063268,19.825856,4.996670, -0.000000,0.990877
87200.000000,5.00,5.05,99.084452,19.830672,4.996525, -0.000000,0.990888
87300.000000,5.00,5.05,99.138545,19.843393,4.996048, -0.000000,0.990906
87400.000000,5.00,5.05,99.180629,19.852026,4.995995, -0.000000,0.990912
87500.000000,5.00,5.05,99.211567,19.857882,4.996080, -0.000000,0.990922
87600.000000,5.00,5.05,99.214765,19.859140,4.995925, -0.000000,0.990930
87700.000000,5.00,5.05,99.251231,19.862794,4.996842, -0.000000,0.990941
87800.000000,5.00,5.05,99.355280,19.882877,4.997027, -0.000000,0.990950
87900.000000,5.00,5.05,99.511506,19.913810,4.997110, -0.000000,0.990966
88000.000000,5.00,5.05,99.702107,19.951349,4.997261, -0.000000,0.990974
88100.000000,5.00,5.05,99.948879,20.000037,4.997435, -0.000000,0.990983
88200.000000,5.00,5.05,100.198008,20.048103,4.997880, -0.000000,0.990991
88300.000000,5.00,5.05,100.457399,20.101269,4.997565, -0.000000,0.991013
88400.000000,5.00,5.05,100.693739,20.148138,4.997670, -0.000000,0.991012
88500.000000,5.00,5.05,100.905831,20.190748,4.997627, -0.000000,0.991022
88600.000000,5.00,5.05,101.139010,20.236756,4.997788, -0.000000,0.991034
88700.000000,5.00,5.05,101.369950,20.282405,4.997926, -0.000000,0.991049
88800.000000,5.00,5.05,101.558302,20.320448,4.997838, -0.000000,0.991052
88900.000000,5.00,5.05,101.670726,20.342566,4.997930, -0.000000,0.991064
89000.000000,5.00,5.05,101.771658,20.361424,4.998258, -0.000000,0.991073
89100.000000,5.00,5.05,101.839703,20.377272,4.997710, -0.000000,0.991083
89200.000000,5.00,5.05,101.850229,20.379825,4.997601, -0.000000,0.991093
89300.000000,5.00,5.05,101.790318,20.369332,4.997234, -0.000000,0.991105
89400.000000,5.00,5.05,101.690425,20.349922,4.997092, -0.000000,0.991053
89500.000000,5.00,5.05,101.606113,20.333264,4.997039, -0.000000,0.991025
89600.000000,5.00,5.05,101.516691,20.316626,4.996730, -0.000000,0.990998
89700.000000,5.00,5.05,101.412709,20.295756,4.996745, -0.000000,0.990972
89800.000000,5.00,5.05,101.322182,20.277262,4.996837, -0.000000,0.990975
89900.000000,5.00,5.05,101.246602,20.261626,4.996963, -0.000000,0.990991
90000.000000,5.00,5.05,101.151282,20.244653,4.996444, -0.000000,0.990931
90100.000000,5.00,5.05,101.043697,20.224632,4.996071, -0.000000,0.990768
90200.000000,5.00,5.05,100.946839,20.206797,4.995687, -0.000000,0.990736
90300.000000,5.00,5.05,100.846439,20.188067,4.995349, -0.000000,0.990650
90400.000000,5.00,5.05,100.744862,20.168070,4.995265, -0.000000,0.990600
90500.000000,5.00,5.05,100.645002,20.147478,4.995414, -0.000000,0.990567
90600.000000,5.00,5.05,100.542549,20.127215,4.995353, -0.000000,0.990509
90700.000000,5.00,5.05,100.463852,20.111441,4.995358, -0.000000,0.990518
90800.000000,5.00,5.05,100.362822,20.092347,4.995077, -0.000000,0.990408
90900.000000,5.00,5.05,100.276780,20.075896,4.994884, -0.000000,0.990369
91000.000000,5.00,5.05,100.213557,20.064187,4.994648, -0.000000,0.990382
91100.000000,5.00,5.05,100.189550,20.059313,4.994665, -0.000000,0.990389
91200.000000,5.00,5.05,100.158950,20.053074,4.994693, -0.000000,0.990401
91300.000000,5.00,5.05,100.100451,20.042262,4.994469, -0.000000,0.990409
91400.000000,5.00,5.05,100.096285,20.040482,4.994705, -0.000000,0.990420
91500.000000,5.00,5.05,100.142757,20.049324,4.994820, -0.000000,0.990431
91600.000000,5.00,5.05,100.209519,20.062580,4.994847, -0.000000,0.990443
91700.000000,5.00,5.05,100.221936,20.065656,4.994700, -0.000000,0.990456
91800.000000,5.00,5.05,100.235703,20.069046,4.994542, -0.000000,0.990466
91900.000000,5.00,5.05,100.283305,20.077678,4.994766, -0.000000,0.990472
92000.000000,5.00,5.05,100.365081,20.092760,4.995087, -0.000000,0.990482
92100.000000,5.00,5.05,100.489180,20.115046,4.995722, -0.000000,0.990494
92200.000000,5.00,5.05,100.661437,20.148590,4.995954, -0.000000,0.990508
92300.000000,5.00,5.05,100.858223,20.186473,4.996327, -0.000000,0.990514
92400.000000,5.00,5.05,101.082598,20.232066,4.996158, -0.000000,0.990523
92500.000000,5.00,5.05,101.316298,20.276851,4.996649, -0.000000,0.990534
92600.000000,5.00,5.05,101.541895,20.323918,4.996177, -0.000000,0.990546
92700.000000,5.00,5.05,101.755289,20.367185,4.996041, -0.000000,0.990556
92800.000000,5.00,5.05,101.986458,20.412293,4.996325, -0.000000,0.990578
92900.000000,5.00,5.05,102.297032,20.474834,4.996233, -0.000000,0.990575
93000.000000,5.00,5.05,102.613623,20.536858,4.996559, -0.000000,0.990587
93100.000000,5.00,5.05,102.929489,20.600325,4.996498, -0.000000,0.990597
93200.000000,5.00,5.05,103.224113,20.659275,4.996502, -0.000000,0.990605
93300.000000,5.00,5.05,103.517180,20.716359,4.996881, -0.000000,0.990616
93400.000000,5.00,5.05,103.830794,20.776970,4.997398, -0.000000,0.990627
93500.000000,5.00,5.05,104.183072,20.847317,4.997433, -0.000000,0.990636
93600.000000,5.00,5.05,104.577144,20.925087,4.997692, -0.000000,0.990648
93700.000000,5.00,5.05,104.953105,21.000751,4.997588, -0.000000,0.990656
93800.000000,5.00,5.05,105.322910,21.074962,4.997537, -0.000000,0.990669
93900.000000,5.00,5.05,105.693750,21.149336,4.997497, -0.000000,0.990677
94000.000000,5.00,5.05,106.000864,21.210778,4.997500, -0.000000,0.990685
94100.000000,5.00,5.05,106.256030,21.262368,4.997375, -0.000000,0.990697
94200.000000,5.00,5.05,106.488377,21.309303,4.997272, -0.000000,0.990706
94300.000000,5.00,5.05,106.718723,21.356518,4.997010, -0.000000,0.990715
94400.000000,5.00,5.05,106.916323,21.395957,4.997034, -0.000000,0.990724
94500.000000,5.00,5.05,107.119584,21.436030,4.997175, -0.000000,0.990735
94600.000000,5.00,5.05,107.321323,21.477342,4.996956, -0.000000,0.990744
94700.000000,5.00,5.05,107.485789,21.510332,4.996938, -0.000000,0.990754
94800.000000,5.00,5.05,107.659272,21.545491,4.996835, -0.000000,0.990764
94900.000000,5.00,5.05,107.790410,21.572676,4.996617, -0.000000,0.990775
95000.000000,5.00,5.05,107.912391,21.596436,4.996768, -0.000000,0.990783
95100.000000,5.00,5.05,108.040204,21.620499,4.997119, -0.000000,0.990793
95200.000000,5.00,5.05,108.166255,21.646940,4.996838, -0.000000,0.990805
95300.000000,5.00,5.05,108.265569,21.666937,4.996810, -0.000000,0.990815
95400.000000,5.00,5.05,108.346413,21.683147,4.996803, -0.000000,0.990824
95500.000000,5.00,5.05,108.408449,21.696412,4.996607, -0.000000,0.990834
95600.000000,5.00,5.05,108.400319,21.694542,4.996663, -0.000000,0.990842
95700.000000,5.00,5.05,108.413930,21.695481,4.997074, -0.000000,0.990851
95800.000000,5.00,5.05,108.399894,21.693792,4.996816, -0.000000,0.990865
95900.000000,5.00,5.05,108.333020,21.681435,4.996580, -0.000000,0.990870
96000.000000,5.00,5.05,108.254253,21.665565,4.996604, -0.000000,0.990880
96100.000000,5.00,5.05,108.149759,21.646350,4.996212, -0.000000,0.990853
96200.000000,5.00,5.05,108.056481,21.628113,4.996112, -0.000000,0.990802
96300.000000,5.00,5.05,107.952012,21.608713,4.995763, -0.000000,0.990714
96400.000000,5.00,5.05,107.846637,21.587511,4.995788, -0.000000,0.990618
96500.000000,5.00,5.05,107.750970,21.568477,4.995762, -0.000000,0.990628
96600.000000,5.00,5.05,107.668593,21.551210,4.995942, -0.000000,0.990641
96700.000000,5.00,5.05,107.569376,21.530619,4.996112, -0.000000,0.990623
96800.000000,5.00,5.05,107.477405,21.510948,4.996405, -0.000000,0.990626
96900.000000,5.00,5.05,107.378126,21.490307,4.996584, -0.000000,0.990607
97000.000000,5.00,5.05,107.295183,21.474711,4.996351, -0.000000,0.990616
97100.000000,5.00,5.05,107.238738,21.463132,4.996416, -0.000000,0.990626
97200.000000,5.00,5.05,107.183696,21.453160,4.996173, -0.000000,0.990636
97300.000000,5.00,5.05,107.142893,21.444800,4.996218, -0.000000,0.990645
97400.000000,5.00,5.05,107.066193,21.430092,4.996068, -0.000000,0.990625
97500.000000,5.00,5.05,106.977345,21.411544,4.996246, -0.000000,0.990621
97600.000000,5.00,5.05,106.877406,21.392885,4.995932, -0.000000,0.990591
97700.000000,5.00,5.05,106.780308,21.373738,4.995865, -0.000000,0.990558
97800.000000,5.00,5.05,106.711448,21.360330,4.995777, -0.000000,0.990568
97900.000000,5.00,5.05,106.635898,21.344578,4.995924, -0.000000,0.990579
98000.000000,5.00,5.05,106.573855,21.333231,4.995673, -0.000000,0.990588
98100.000000,5.00,5.05,106.532552,21.325902,4.995454, -0.000000,0.990599
98200.000000,5.00,5.05,106.459201,21.311068,4.995489, -0.000000,0.990606
98300.000000,5.00,5.05,106.408190,21.299232,4.995870, -0.000000,0.990618
98400.000000,5.00,5.05,106.401469,21.298822,4.995650, -0.000000,0.990626
98500.000000,5.00,5.05,106.339716,21.286874,4.995553, -0.000000,0.990635
98600.000000,5.00,5.05,106.266564,21.270960,4.995852, -0.000000,0.990649
98700.000000,5.00,5.05,106.184563,21.255261,4.995684, -0.000000,0.990647
98800.000000,5.00,5.05,106.134026,21.245901,4.995506, -0.000000,0.990660
98900.000000,5.00,5.05,106.092541,21.237061,4.995632, -0.000000,0.990666
99000.000000,5.00,5.05,106.086267,21.234498,4.995939, -0.000000,0.990678
99100.000000,5.00,5.05,106.104143,21.238102,4.995933, -0.000000,0.990686
99200.000000,5.00,5.05,106.097255,21.235249,4.996280, -0.000000,0.990694
99300.000000,5.00,5.05,106.119737,21.239176,4.996415, -0.000000,0.990706
99400.000000,5.00,5.05,106.123058,21.240424,4.996278, -0.000000,0.990716
99500.000000,5.00,5.05,106.129172,21.239710,4.996734, -0.000000,0.990726
99600.000000,5.00,5.05,106.101402,21.236016,4.996295, -0.000000,0.990733
99700.000000,5.00,5.05,106.012827,21.218570,4.996229, -0.000000,0.990701
99800.000000,5.00,5.05,105.916532,21.199365,4.996212, -0.000000,0.990647
99900.000000,5.00,5.05,105.846007,21.182814,4.996787, -0.000000,0.990639
100000.000000,5.00,5.05,105.780533,21.170884,4.996510, -0.000000,0.990631
100000.006979,5.00,5.05,105.780526,21.170842,-0.000000,501,0.990631
